sepal_length,sepal_width,petal_length,petal_width,prediction,prob_setosa,prob_versicolor,prob_virginica
5.1,3.5,1.4,0.2,setosa,1.0,0.0,0.0
6.2,2.8,4.8,1.8,virginica,0.0,0.11861904761904761,0.8813809523809524
7.0,3.2,4.7,1.4,versicolor,0.0,0.9977818627450981,0.002218137254901961
4.9,3.1,1.5,0.1,setosa,1.0,0.0,0.0
5.8,2.7,5.1,1.9,virginica,0.0,0.01630952380952381,0.9836904761904762
